id	timestamp	hour	day	month	datetime	timezone	source	destination	cab_type	product_id	name	price	distance	surge_multiplier	latitude	longitude	temperature	apparentTemperature	short_summary	long_summary	precipIntensity	precipProbability	humidity	windSpeed	windGust	windGustTime	visibility	temperatureHigh	temperatureHighTime	temperatureLow	temperatureLowTime	apparentTemperatureHigh	apparentTemperatureHighTime	apparentTemperatureLow	apparentTemperatureLowTime	icon	dewPoint	pressure	windBearing	cloudCover	uvIndex	visibility.1	ozone	sunriseTime	sunsetTime	moonPhase	precipIntensityMax	uvIndexTime	temperatureMin	temperatureMinTime	temperatureMax	temperatureMaxTime	apparentTemperatureMin	apparentTemperatureMinTime	apparentTemperatureMax	apparentTemperatureMaxTime
424553bb-7174-41ea-aeb4-fe06d4f4b9d7	1544952608	9	16	12	12/16/2018 9:30	America/New_York	Haymarket Square	North Station	Lyft	lyft_line	Shared	5	0.44	1	42.2148	-71.033	42.34	37.12	 Mostly Cloudy 	 Rain throughout the day. 	0	0	0.68	8.66	9.17	1545015600	10	43.68	1544968800	34.19	1545048000	37.95	1544968800	27.39	1545044400	 partly-cloudy-night 	32.7	1021.98	57	0.72	0	10	303.8	1544962084	1544994864	0.3	0.1276	1544979600	39.89	1545012000	43.68	1544968800	33.73	1545012000	38.07	1544958000
4bd23055-6827-41c6-b23b-3c491f24e74d	1543284024	2	27	11	11/27/2018 2:00	America/New_York	Haymarket Square	North Station	Lyft	lyft_premier	Lux	11	0.44	1	42.2148	-71.033	43.58	37.35	 Rain 	 Rain until morning, starting again in the evening. 	0.1299	1	0.94	11.98	11.98	1543291200	4.786	47.3	1543251600	42.1	1543298400	43.92	1543251600	36.2	1543291200	 rain 	41.83	1003.97	90	1	0	4.786	291.1	1543232969	1543266992	0.64	0.13	1543251600	40.49	1543233600	47.3	1543251600	36.2	1543291200	43.92	1543251600
981a3613-77af-4620-a42a-0c0866077d1e	1543366822	1	28	11	11/28/2018 1:00	America/New_York	Haymarket Square	North Station	Lyft	lyft	Lyft	7	0.44	1	42.2148	-71.033	38.33	32.93	 Clear 	 Light rain in the morning. 	0	0	0.75	7.33	7.33	1543334400	10	47.55	1543320000	33.1	1543402800	44.12	1543320000	29.11	1543392000	 clear-night 	31.1	992.28	240	0.03	0	10	315.7	1543319437	1543353364	0.68	0.1064	1543338000	35.36	1543377600	47.55	1543320000	31.04	1543377600	44.12	1543320000
c2d88af2-d278-4bfd-a8d0-29ca77cc5512	1543553583	4	30	11	11/30/2018 4:53	America/New_York	Haymarket Square	North Station	Lyft	lyft_luxsuv	Lux Black XL	26	0.44	1	42.2148	-71.033	34.38	29.63	 Clear 	 Partly cloudy throughout the day. 	0	0	0.73	5.28	5.28	1543514400	10	45.03	1543510800	28.9	1543579200	38.53	1543510800	26.2	1543575600	 clear-night 	26.64	1013.73	310	0	0	10	291.1	1543492370	1543526114	0.75	0	1543507200	34.67	1543550400	45.03	1543510800	30.3	1543550400	38.53	1543510800
e0126e1f-8ca9-4f2e-82b3-50505a09db9a	1543463360	3	29	11	11/29/2018 3:49	America/New_York	Haymarket Square	North Station	Lyft	lyft_plus	Lyft XL	9	0.44	1	42.2148	-71.033	37.44	30.88	 Partly Cloudy 	 Mostly cloudy throughout the day. 	0	0	0.7	9.14	9.14	1543446000	10	42.18	1543420800	36.71	1543478400	35.75	1543420800	30.29	1543460400	 partly-cloudy-night 	28.61	998.36	303	0.44	0	10	347.7	1543405904	1543439738	0.72	1.00E-04	1543420800	33.1	1543402800	42.18	1543420800	29.11	1543392000	35.75	1543420800
f6f6d7e4-3e18-4922-a5f5-181cdd3fa6f2	1545071112	18	17	12	12/17/2018 18:25	America/New_York	Haymarket Square	North Station	Lyft	lyft_lux	Lux Black	16.5	0.44	1	42.2148	-71.033	38.75	33.51	 Overcast 	 Light rain in the morning and overnight. 	0	0	0.84	7.19	8.88	1545022800	8.325	40.61	1545076800	24.07	1545130800	34.97	1545080400	12.04	1545134400	 cloudy 	34.41	1000.46	294	1	1	8.325	335.8	1545048523	1545081282	0.33	0.0221	1545066000	34.19	1545048000	40.66	1545022800	27.39	1545044400	34.97	1545080400
462816a3-820d-408b-8549-0b39e82f65ac	1543208580	5	26	11	11/26/2018 5:03	America/New_York	Back Bay	Northeastern University	Lyft	lyft_plus	Lyft XL	10.5	1.08	1	42.3503	-71.081	41.99	41.99	 Overcast 	 Rain until morning, starting again in the evening. 	0	0	0.91	0.53	0.88	1543287600	4.675	46.46	1543255200	42.17	1543298400	43.81	1543251600	37.08	1543298400	 cloudy 	39.54	1014.11	91	1	0	4.675	312.3	1543233004	1543266980	0.64	0.1245	1543251600	40.67	1543233600	46.46	1543255200	37.45	1543291200	43.81	1543251600
474d6376-bc59-4ec9-bf57-4e6d6faeb165	1543780385	19	2	12	12/2/2018 19:53	America/New_York	Back Bay	Northeastern University	Lyft	lyft_lux	Lux Black	16.5	1.08	1	42.3503	-71.081	49.88	49.22	 Light Rain 	 Light rain until evening. 	0.0246	1	0.93	3.38	3.38	1543755600	3.052	50.8	1543788000	44.97	1543816800	50.13	1543788000	45.62	1543816800	 rain 	48.02	1004.33	159	1	0	3.052	282.5	1543751798	1543785242	0.86	0.0916	1543770000	36.32	1543726800	50.8	1543788000	35.84	1543748400	50.13	1543788000
4f9fee41-fde3-4767-bbf1-a00e108701fb	1543818483	6	3	12	12/3/2018 6:28	America/New_York	Back Bay	Northeastern University	Lyft	lyft_line	Shared	3	1.08	1	42.3503	-71.081	45.58	45.58	 Foggy 	 Foggy in the morning. 	0	0	0.96	1.25	2.09	1543856400	1.413	57.02	1543852800	33.74	1543921200	56.35	1543852800	28.53	1543914000	 fog 	44.5	1001.06	307	1	0	1.413	290.9	1543838259	1543871628	0.89	4.00E-04	1543852800	43.09	1543896000	57.02	1543852800	39.9	1543896000	56.35	1543852800
8612d909-98b8-4454-a093-30bd48de0cb3	1543315522	10	27	11	11/27/2018 10:45	America/New_York	Back Bay	Northeastern University	Lyft	lyft_luxsuv	Lux Black XL	27.5	1.08	1	42.3503	-71.081	45.45	41.77	 Light Rain 	 Light rain in the morning. 	0.0624	1	0.93	6.87	7.42	1543338000	2.686	46.91	1543320000	33.82	1543399200	44.01	1543320000	30.19	1543399200	 rain 	43.52	989.98	79	1	0	2.686	296.2	1543319472	1543353352	0.68	0.1425	1543338000	36.34	1543377600	46.91	1543320000	32.43	1543377600	44.01	1543320000
9043bf77-1d45-4a93-9520-a083e0277f16	1543594384	16	30	11	11/30/2018 16:13	America/New_York	Back Bay	Northeastern University	Lyft	lyft_premier	Lux	13.5	1.08	1	42.3503	-71.081	40.13	38	 Clear 	 Mostly cloudy throughout the day. 	0	0	0.62	3.46	4.47	1543554000	9.92	42.32	1543600800	31.57	1543665600	40.48	1543611600	28.1	1543658400	 clear-day 	27.99	1016.84	291	0.12	2	9.92	269.9	1543578871	1543612479	0.79	4.00E-04	1543593600	28.64	1543579200	42.32	1543600800	29.29	1543579200	40.48	1543611600
d859ec69-b3ff-4af8-9abd-441e31430c94	1543432988	19	28	11	11/28/2018 19:23	America/New_York	Back Bay	Northeastern University	Lyft	lyft	Lyft	7	1.08	1	42.3503	-71.081	41.47	35.66	 Overcast 	 Mostly cloudy throughout the day. 	0	0	0.63	9.54	14.86	1543431600	10	42.72	1543438800	37.59	1543485600	36.75	1543438800	32.25	1543478400	 cloudy 	29.72	991.85	295	1	0	10	354.2	1543405940	1543439725	0.72	0	1543420800	33.82	1543399200	42.72	1543438800	30.19	1543399200	36.75	1543438800
009e9c53-074d-43cf-aef2-0fbc7a47ed3d	1543615981	22	30	11	11/30/2018 22:13	America/New_York	North End	West End	Uber	6f72dfc5-27f1-42e8-84db-ccc7a75f6969	UberXL	12	1.11	1	42.3647	-71.0542	40.13	38.08	 Overcast 	 Mostly cloudy throughout the day. 	0	0	0.6	3.38	3.99	1543554000	9.833	42.52	1543600800	31.71	1543658400	40.53	1543611600	28.06	1543658400	 cloudy 	27.31	1017.16	281	1	0	9.833	281.8	1543578867	1543612470	0.79	3.00E-04	1543593600	28.79	1543579200	42.52	1543600800	26.41	1543575600	40.53	1543611600
23f145da-f0c1-4d1f-a184-496bc003a7db	1544698211	10	13	12	12/13/2018 10:50	America/New_York	North End	West End	Uber	6c84fd89-3f11-4782-9b50-97c468b19529	Black	16	1.11	1	42.3647	-71.0542	20.38	20.38	 Clear 	 Partly cloudy throughout the day. 	0	0	0.66	2.94	3.22	1544738400	9.831	33.83	1544731200	27.27	1544781600	32.85	1544734800	24.61	1544785200	 clear-night 	10.87	1031.51	2	0.03	0	9.831	327.3	1544702792	1544735599	0.21	1.00E-04	1544716800	18.29	1544688000	33.83	1544731200	13.79	1544688000	32.85	1544734800
357559cb-8c58-4278-a41a-e33b2e0997a3	1544728504	19	13	12	12/13/2018 19:15	America/New_York	North End	West End	Uber	55c66225-fbe7-4fd5-9072-eab1ece5e23e	UberX	7.5	1.11	1	42.3647	-71.0542	32.85	32.85	 Mostly Cloudy 	 Partly cloudy throughout the day. 	0	0	0.56	2.65	3.83	1544738400	9.959	33.83	1544731200	27.27	1544781600	32.85	1544734800	24.61	1544785200	 partly-cloudy-day 	18.66	1033.65	76	0.64	0	9.959	330.8	1544702792	1544735599	0.21	1.00E-04	1544716800	18.29	1544688000	33.83	1544731200	13.79	1544688000	32.85	1544734800
50ef1165-9d23-416c-a65c-18906207b295	1545004511	23	16	12	12/16/2018 23:55	America/New_York	North End	West End	Uber	9a0e7b09-b92b-4c41-9779-2ad22b4d779d	WAV	7.5	1.11	1	42.3647	-71.0542	41.29	36.01	 Light Rain 	 Rain throughout the day. 	0.0567	0.94	0.86	8.3	8.3	1545015600	4.054	43.83	1544990400	34.25	1545044400	38.38	1544986800	28.3	1545044400	 rain 	37.56	1012.72	57	1	0	4.054	325.3	1544962119	1544994839	0.3	0.1252	1544979600	39.22	1544954400	43.83	1544990400	33.98	1545019200	38.38	1544986800
91c4861c-1780-42b0-bca1-bbd64a422cc3	1544748008	0	14	12	12/14/2018 0:40	America/New_York	North End	West End	Uber	6d318bcc-22a3-4af6-bddd-b409bfce1546	Black SUV	26	1.11	1	42.3647	-71.0542	31.25	31.25	 Overcast 	 Partly cloudy throughout the day. 	0	0	0.64	2.62	3.54	1544738400	10	33.83	1544731200	27.27	1544781600	32.85	1544734800	24.61	1544785200	 cloudy 	20.53	1035.06	173	0.91	0	10	326.7	1544702792	1544735599	0.21	1.00E-04	1544716800	18.29	1544688000	33.83	1544731200	13.79	1544688000	32.85	1544734800
e219e545-a006-4936-a6cc-7d00adf0e418	1543519081	19	29	11	11/29/2018 19:18	America/New_York	North End	West End	Uber	997acbb5-e102-41e1-b155-9df7de0a73f2	UberPool	5.5	1.11	1	42.3647	-71.0542	43.49	37.19	 Mostly Cloudy 	 Partly cloudy throughout the day. 	0	0	0.52	12.13	19.97	1543514400	9.796	44.61	1543510800	28.79	1543579200	38.21	1543510800	26.41	1543575600	 partly-cloudy-day 	26.83	1007.12	313	0.53	0	9.796	309.7	1543492402	1543526092	0.75	0	1543510800	35.35	1543550400	44.61	1543510800	31.14	1543550400	38.21	1543510800
fa5fb705-03a0-4eb9-82d9-7fe80872f754	1543673584	14	1	12	12/1/2018 14:13	America/New_York	North End	West End	Uber	8cf7e821-f0d3-49c6-8eba-e679c0ebcf6a	Taxi	NA	1.11	1	42.3647	-71.0542	36.99	32.27	 Partly Cloudy 	 Light rain in the morning and overnight. 	0	0	0.68	5.87	6.26	1543672800	9.91	44.66	1543690800	35.04	1543712400	43.99	1543690800	35.69	1543712400	 partly-cloudy-day 	27.53	1022.32	344	0.44	1	9.91	280.1	1543665331	1543698851	0.82	0	1543683600	31.71	1543658400	44.66	1543690800	28.06	1543658400	43.99	1543690800
18d580ac-c91a-4b6d-aa75-ab62566f713e	1544940912	6	16	12	12/16/2018 6:15	America/New_York	North Station	Haymarket Square	Lyft	lyft_plus	Lyft XL	11	0.72	1	42.3661	-71.0631	40.36	35.52	 Clear 	 Rain throughout the day. 	0	0	0.69	7.08	8.47	1545015600	10	43.78	1544990400	34.12	1545044400	38.39	1544986800	28.21	1545044400	 clear-night 	30.94	1022.94	52	0.06	0	10	298.7	1544962122	1544994841	0.3	0.1246	1544979600	38.94	1544954400	43.78	1544990400	33.76	1545019200	38.39	1544986800
3ef5c509-f292-42ef-b39c-bce7059006a0	1543346303	19	27	11	11/27/2018 19:18	America/New_York	North Station	Haymarket Square	Lyft	lyft_lux	Lux Black	16.5	0.72	1	42.3661	-71.0631	42.95	37.54	 Mostly Cloudy 	 Light rain in the morning. 	0	0	0.72	9.42	13.8	1543338000	10	46.83	1543320000	33.75	1543399200	43.85	1543320000	29.97	1543399200	 partly-cloudy-day 	34.56	990.25	257	0.81	0	10	313.6	1543319471	1543353345	0.68	0.1433	1543338000	36.13	1543377600	46.83	1543320000	32.05	1543377600	43.85	1543320000
5ef44fdf-c5d3-4d07-967a-a8710e537e74	1545132906	11	18	12	12/18/2018 11:35	America/New_York	North Station	Haymarket Square	Lyft	lyft	Lyft	7	0.72	1	42.3661	-71.0631	24.71	12.26	 Mostly Cloudy 	 Mostly cloudy throughout the day. 	0	0	0.51	15	24.98	1545127200	9.901	32.81	1545159600	20.92	1545220800	22.75	1545159600	14.29	1545199200	 partly-cloudy-night 	9.22	1006.6	315	0.77	0	9.901	369.6	1545134997	1545167680	0.37	0.0028	1545152400	23.09	1545192000	38.03	1545109200	11.82	1545134400	31.92	1545109200
a7c1afce-9781-41c9-b6a6-df109ad43ccd	1543544884	2	30	11	11/30/2018 2:28	America/New_York	North Station	Haymarket Square	Lyft	lyft_line	Shared	3.5	0.72	1	42.3661	-71.0631	37.11	31.86	 Clear 	 Partly cloudy throughout the day. 	0	0	0.67	6.68	8.53	1543514400	9.969	44.66	1543510800	28.68	1543575600	38.3	1543510800	27.26	1543568400	 clear-night 	27.27	1011.84	318	0.03	0	9.969	296.9	1543492404	1543526094	0.75	0	1543510800	35.15	1543550400	44.66	1543510800	30.98	1543550400	38.3	1543510800
d0782aae-4cfa-45df-b6e4-e300b09c2563	1544978406	16	16	12	12/16/2018 16:40	America/New_York	North Station	Haymarket Square	Lyft	lyft_luxsuv	Lux Black XL	26	0.72	1	42.3661	-71.0631	42.42	37.83	 Overcast 	 Rain throughout the day. 	0.0036	0.29	0.75	7.41	8.54	1545015600	9.608	43.78	1544990400	34.12	1545044400	38.39	1544986800	28.21	1545044400	 cloudy 	35.13	1018.69	76	1	1	9.608	326.7	1544962122	1544994841	0.3	0.1246	1544979600	38.94	1544954400	43.78	1544990400	33.76	1545019200	38.39	1544986800
f4f03d2d-434b-41f3-935a-c29e3f2de8bd	1543218372	7	26	11	11/26/2018 7:46	America/New_York	North Station	Haymarket Square	Lyft	lyft_premier	Lux	13.5	0.72	1	42.3661	-71.0631	42.02	42.02	 Overcast 	 Rain until morning, starting again in the evening. 	0	0	0.91	2.01	2.01	1543287600	6.397	46.49	1543255200	41.9	1543298400	43.84	1543244400	36.7	1543298400	 cloudy 	39.47	1014.24	76	1	0	6.397	304.7	1543233003	1543266973	0.64	0.1225	1543251600	40.45	1543233600	46.49	1543255200	37.17	1543291200	43.84	1543244400
1d451059-895c-4179-8cec-40adfbc4f6d3	1545079210	20	17	12	12/17/2018 20:40	America/New_York	Beacon Hill	South Station	Uber	9a0e7b09-b92b-4c41-9779-2ad22b4d779d	WAV	8.5	2.48	1	42.3588	-71.0707	40.4	35.63	 Mostly Cloudy 	 Light rain in the morning. 	0	0	0.72	6.99	8.23	1545022800	9.808	41.35	1545076800	24	1545134400	35.88	1545076800	11.99	1545134400	 partly-cloudy-day 	31.96	999.8	286	0.77	0	9.808	350.3	1545048561	1545081263	0.33	0.0184	1545066000	34.25	1545044400	41.35	1545076800	28.4	1545044400	35.88	1545076800
1f64fcff-b01f-4b64-90f4-5c866d717317	1544931614	3	16	12	12/16/2018 3:40	America/New_York	Beacon Hill	South Station	Uber	6f72dfc5-27f1-42e8-84db-ccc7a75f6969	UberXL	15	2.48	1	42.3588	-71.0707	40.68	37.1	 Clear 	 Mostly cloudy throughout the day. 	0	0	0.7	5.22	6.35	1544918400	10	54.29	1544896800	39.01	1544954400	53.62	1544896800	35.18	1544954400	 clear-night 	31.67	1024.55	38	0.02	0	10	296.1	1544875681	1544908429	0.27	0.0077	1544893200	39.8	1544929200	54.29	1544896800	36.78	1544929200	53.62	1544896800
2ca4699c-21e1-4fb4-9cc2-1d6221199d08	1543324882	13	27	11	11/27/2018 13:21	America/New_York	Beacon Hill	South Station	Uber	6c84fd89-3f11-4782-9b50-97c468b19529	Black	20.5	2.48	1	42.3588	-71.0707	44.94	42.13	 Possible Drizzle 	 Light rain in the morning. 	0.007	0.61	0.94	5.23	5.23	1543338000	3.231	47.06	1543320000	33.83	1543399200	44.15	1543320000	30.13	1543399200	 rain 	43.32	988.09	227	1	0	3.231	322.8	1543319471	1543353348	0.68	0.1429	1543338000	36.37	1543377600	47.06	1543320000	32.4	1543377600	44.15	1543320000
4149295f-4534-4712-b2cf-160308528c75	1544697612	10	13	12	12/13/2018 10:40	America/New_York	Beacon Hill	South Station	Uber	55c66225-fbe7-4fd5-9072-eab1ece5e23e	UberX	8.5	2.48	1	42.3647	-71.0542	20.38	20.38	 Clear 	 Partly cloudy throughout the day. 	0	0	0.66	2.94	3.22	1544738400	9.831	33.83	1544731200	27.27	1544781600	32.85	1544734800	24.61	1544785200	 clear-night 	10.87	1031.51	2	0.03	0	9.831	327.3	1544702792	1544735599	0.21	1.00E-04	1544716800	18.29	1544688000	33.83	1544731200	13.79	1544688000	32.85	1544734800
80d2a972-2686-4edc-bc22-ddccdf211fde	1545085513	22	17	12	12/17/2018 22:25	America/New_York	Beacon Hill	South Station	Uber	997acbb5-e102-41e1-b155-9df7de0a73f2	UberPool	7	2.48	1	42.3588	-71.0707	39.75	35.21	 Overcast 	 Light rain in the morning. 	0	0	0.73	6.38	9.37	1545022800	9.775	41.35	1545076800	24	1545134400	35.88	1545076800	11.99	1545134400	 cloudy 	31.63	1000.26	285	0.92	0	9.775	364.4	1545048561	1545081263	0.33	0.0184	1545066000	34.25	1545044400	41.35	1545076800	28.4	1545044400	35.88	1545076800
8674e79f-4c5b-4a2e-8327-a68997d5d740	1544817908	20	14	12	12/14/2018 20:05	America/New_York	Beacon Hill	South Station	Uber	6d318bcc-22a3-4af6-bddd-b409bfce1546	Black SUV	27.5	2.48	1	42.3588	-71.0707	45.35	43.63	 Partly Cloudy 	 Partly cloudy throughout the day. 	0	0	0.57	3.84	4.05	1544846400	9.854	46.45	1544814000	40.89	1544832000	43.71	1544817600	38.78	1544835600	 partly-cloudy-day 	30.89	1029.37	166	0.34	0	9.854	289.1	1544789239	1544822015	0.24	0	1544806800	27.07	1544788800	46.45	1544814000	27.72	1544788800	43.71	1544817600
eee70d94-6706-4b95-a8ce-0e34f0fa8f37	1543794776	23	2	12	12/2/2018 23:52	America/New_York	Beacon Hill	South Station	Uber	8cf7e821-f0d3-49c6-8eba-e679c0ebcf6a	Taxi	NA	2.48	1	42.3588	-71.0707	48.83	48.83	 Overcast 	 Light rain until evening. 	0	0	0.96	2.83	2.98	1543755600	7.79	50.73	1543788000	44.99	1543816800	50.06	1543788000	45.64	1543816800	 cloudy 	47.81	1002.81	275	1	0	7.79	287.3	1543751797	1543785238	0.86	0.0904	1543770000	36.45	1543726800	50.73	1543788000	35.85	1543748400	50.06	1543788000
00dd58fc-fa9e-4eeb-bb6e-dfeb94611e85	1543289422	3	27	11	11/27/2018 3:30	America/New_York	North Station	Northeastern University	Lyft	lyft_line	Shared	3.5	3.24	1	42.3661	-71.0631	43.73	37.84	 Rain 	 Rain until morning, starting again in the evening. 	0.1088	1	0.89	11.14	16.89	1543287600	4.503	46.49	1543255200	41.9	1543298400	43.84	1543244400	36.7	1543298400	 rain 	40.83	1001.71	79	1	0	4.503	290.3	1543233003	1543266973	0.64	0.1225	1543251600	40.45	1543233600	46.49	1543255200	37.17	1543291200	43.84	1543244400
174b960d-58f1-4dfd-8672-8b43f13726a7	1543774987	18	2	12	12/2/2018 18:23	America/New_York	North Station	Northeastern University	Lyft	lyft	Lyft	11	3.24	1	42.3661	-71.0631	48.23	46.21	 Light Rain 	 Light rain until evening. 	0.0341	1	0.92	4.88	7.48	1543755600	1.588	50.94	1543788000	44.88	1543816800	50.27	1543788000	45.53	1543816800	 rain 	46.13	1006.41	129	1	1	1.588	282.8	1543751796	1543785235	0.86	0.0894	1543770000	36.4	1543726800	50.94	1543788000	35.78	1543748400	50.27	1543788000
1d34b421-4ee7-4ec5-bba5-265f43b91a4e	1544816706	19	14	12	12/14/2018 19:45	America/New_York	North Station	Northeastern University	Lyft	lyft_premier	Lux	19.5	3.24	1	42.3661	-71.0631	45.82	43.92	 Partly Cloudy 	 Partly cloudy throughout the day. 	0	0	0.53	4.16	4.16	1544846400	9.874	46.61	1544814000	40.76	1544835600	43.85	1544817600	38.58	1544835600	 partly-cloudy-day 	29.78	1029.37	165	0.39	0	9.874	289	1544789238	1544822012	0.24	0	1544806800	27.11	1544781600	46.61	1544814000	27.76	1544781600	43.85	1544817600
72fb8672-a823-447e-ae15-fd51aef9db66	1543743182	9	2	12	12/2/2018 9:33	America/New_York	North Station	Northeastern University	Lyft	lyft_lux	Lux Black	26	3.24	1	42.3661	-71.0631	38.54	36.11	 Light Rain 	 Light rain until evening. 	0.0308	1	0.93	3.53	3.98	1543755600	4.421	50.94	1543788000	44.88	1543816800	50.27	1543788000	45.53	1543816800	 rain 	36.81	1019.41	124	1	0	4.421	271.2	1543751796	1543785235	0.86	0.0894	1543770000	36.4	1543726800	50.94	1543788000	35.78	1543748400	50.27	1543788000
e61386a3-b205-49b4-b064-990b124ecfa2	1544747411	0	14	12	12/14/2018 0:30	America/New_York	North Station	Northeastern University	Lyft	lyft_plus	Lyft XL	16.5	3.24	1	42.3647	-71.0542	31.25	31.25	 Overcast 	 Partly cloudy throughout the day. 	0	0	0.64	2.62	3.54	1544738400	10	33.83	1544731200	27.27	1544781600	32.85	1544734800	24.61	1544785200	 cloudy 	20.53	1035.06	173	0.91	0	10	326.7	1544702792	1544735599	0.21	1.00E-04	1544716800	18.29	1544688000	33.83	1544731200	13.79	1544688000	32.85	1544734800
39f120bf-ddc0-4d27-8ab4-bb7d46ecf8e3	1543638778	4	1	12	12/1/2018 4:32	America/New_York	North Station	Fenway	Uber	6d318bcc-22a3-4af6-bddd-b409bfce1546	Black SUV	29.5	2.94	1	42.3661	-71.0631	34.81	34.81	 Mostly Cloudy 	 Mostly cloudy throughout the day. 	0	0	0.77	2.98	2.98	1543554000	9.966	42.58	1543600800	31.55	1543658400	40.53	1543611600	27.95	1543658400	 partly-cloudy-night 	28.31	1018.55	305	0.86	0	9.966	290.6	1543578869	1543612472	0.79	3.00E-04	1543593600	28.68	1543575600	42.58	1543600800	27.26	1543568400	40.53	1543611600
4d36b792-8973-4dd2-aaf9-aacaac046bd5	1543414988	14	28	11	11/28/2018 14:23	America/New_York	North Station	Fenway	Uber	9a0e7b09-b92b-4c41-9779-2ad22b4d779d	WAV	9.5	2.94	1	42.3661	-71.0631	39.02	34.01	 Partly Cloudy 	 Mostly cloudy throughout the day. 	0	0	0.65	6.91	9.33	1543431600	9.908	42.6	1543438800	37.44	1543489200	36.58	1543438800	31.97	1543478400	 partly-cloudy-day 	28.08	991.71	290	0.37	1	9.908	350.4	1543405938	1543439718	0.72	0	1543420800	33.75	1543399200	42.6	1543438800	29.97	1543399200	36.58	1543438800
53bc8bc7-0b27-4648-9742-d7956d2a13a8	1543739577	8	2	12	12/2/2018 8:32	America/New_York	North Station	Fenway	Uber	6f72dfc5-27f1-42e8-84db-ccc7a75f6969	UberXL	15	2.94	1	42.3661	-71.0631	38.95	36.97	 Possible Drizzle 	 Light rain until evening. 	0.0094	0.66	0.88	3.18	4.16	1543755600	6.572	50.94	1543788000	44.88	1543816800	50.27	1543788000	45.53	1543816800	 rain 	35.8	1020	139	1	0	6.572	270.1	1543751796	1543785235	0.86	0.0894	1543770000	36.4	1543726800	50.94	1543788000	35.78	1543748400	50.27	1543788000
7f47ff53-7cf2-4a6a-8049-83c90e042593	1543523885	20	29	11	11/29/2018 20:38	America/New_York	North Station	Fenway	Uber	8cf7e821-f0d3-49c6-8eba-e679c0ebcf6a	Taxi	NA	2.94	1	42.3661	-71.0631	42.5	36.47	 Partly Cloudy 	 Partly cloudy throughout the day. 	0	0	0.54	10.68	17.15	1543514400	9.772	44.66	1543510800	28.68	1543575600	38.3	1543510800	27.26	1543568400	 partly-cloudy-day 	26.84	1008.44	314	0.35	0	9.772	307.4	1543492404	1543526094	0.75	0	1543510800	35.15	1543550400	44.66	1543510800	30.98	1543550400	38.3	1543510800
c05d4e09-3f00-43cf-a0d8-6f38c0f4d04a	1544789105	12	14	12	12/14/2018 12:05	America/New_York	North Station	Fenway	Uber	55c66225-fbe7-4fd5-9072-eab1ece5e23e	UberX	9.5	2.94	1	42.3661	-71.0631	27.93	27.93	 Partly Cloudy 	 Partly cloudy throughout the day. 	0	0	0.81	2.69	3.71	1544846400	9.668	46.61	1544814000	40.76	1544835600	43.85	1544817600	38.58	1544835600	 partly-cloudy-night 	22.79	1033.98	206	0.3	0	9.668	292.8	1544789238	1544822012	0.24	0	1544806800	27.11	1544781600	46.61	1544814000	27.76	1544781600	43.85	1544817600
c7d4bb19-3c35-46c7-ad3c-f00a03ccfdfe	1543286002	2	27	11	11/27/2018 2:33	America/New_York	North Station	Fenway	Uber	6c84fd89-3f11-4782-9b50-97c468b19529	Black	22	2.94	1	42.2148	-71.033	43.58	37.35	 Rain 	 Rain until morning, starting again in the evening. 	0.1299	1	0.94	11.98	11.98	1543291200	4.786	47.3	1543251600	42.1	1543298400	43.92	1543251600	36.2	1543291200	 rain 	41.83	1003.97	90	1	0	4.786	291.1	1543232969	1543266992	0.64	0.13	1543251600	40.49	1543233600	47.3	1543251600	36.2	1543291200	43.92	1543251600
d25c46f2-b8a3-454d-97d1-4e2c8e1dff68	1544856310	6	15	12	12/15/2018 6:45	America/New_York	North Station	Fenway	Uber	997acbb5-e102-41e1-b155-9df7de0a73f2	UberPool	9	2.94	1	42.3661	-71.0631	45.84	43	 Overcast 	 Mostly cloudy throughout the day. 	0	0	0.92	5.52	7.33	1544918400	9.856	54.47	1544896800	38.94	1544954400	53.8	1544896800	35.08	1544950800	 cloudy 	43.75	1022.31	220	1	0	9.856	298.3	1544875681	1544908425	0.27	0.0074	1544893200	39.54	1544929200	54.47	1544896800	36.46	1544929200	53.8	1544896800
0c26c153-a58d-419d-b557-37cfad67585c	1543400227	10	28	11	11/28/2018 10:17	America/New_York	North Station	South Station	Lyft	lyft_line	Shared	5	1.76	1	42.3661	-71.0631	34.4	29.99	 Partly Cloudy 	 Mostly cloudy throughout the day. 	0	0	0.78	4.89	7.74	1543431600	9.899	42.6	1543438800	37.44	1543489200	36.58	1543438800	31.97	1543478400	 partly-cloudy-night 	28.39	991.05	259	0.48	0	9.899	344.7	1543405938	1543439718	0.72	0	1543420800	33.75	1543399200	42.6	1543438800	29.97	1543399200	36.58	1543438800
104ced5c-1c1b-4021-94bb-b21af453399a	1544963414	12	16	12	12/16/2018 12:30	America/New_York	North Station	South Station	Lyft	lyft	Lyft	9	1.76	1	42.3661	-71.0631	41.09	36.6	 Overcast 	 Rain throughout the day. 	0	0	0.71	6.75	8.45	1545015600	10	43.78	1544990400	34.12	1545044400	38.39	1544986800	28.21	1545044400	 cloudy 	32.52	1022.31	69	1	0	10	320	1544962122	1544994841	0.3	0.1246	1544979600	38.94	1544954400	43.78	1544990400	33.76	1545019200	38.39	1544986800
1cf8a0a5-d871-41ba-91c7-53658851501e	1544920811	0	16	12	12/16/2018 0:40	America/New_York	North Station	South Station	Lyft	lyft_premier	Lux	16.5	1.76	1	42.3661	-71.0631	43.96	40.8	 Partly Cloudy 	 Mostly cloudy throughout the day. 	0	0	0.68	5.48	8.73	1544918400	10	54.47	1544896800	38.94	1544954400	53.8	1544896800	35.08	1544950800	 partly-cloudy-night 	33.96	1023.51	45	0.23	0	10	298.8	1544875681	1544908425	0.27	0.0074	1544893200	39.54	1544929200	54.47	1544896800	36.46	1544929200	53.8	1544896800
5e990c7a-8f5c-4583-812c-b6200dd018f6	1544883309	14	15	12	12/15/2018 14:15	America/New_York	North Station	South Station	Lyft	lyft_luxsuv	Lux Black XL	26	1.76	1	42.3661	-71.0631	47.95	46.74	 Overcast 	 Mostly cloudy throughout the day. 	0.0013	0.02	0.88	3.7	5.1	1544918400	9.707	54.47	1544896800	38.94	1544954400	53.8	1544896800	35.08	1544950800	 cloudy 	44.71	1022.57	215	0.99	1	9.707	298.6	1544875681	1544908425	0.27	0.0074	1544893200	39.54	1544929200	54.47	1544896800	36.46	1544929200	53.8	1544896800
bd1d5b1a-ed7f-4fc8-8fd1-9236a5de403e	1543312822	10	27	11	11/27/2018 10:00	America/New_York	North Station	South Station	Lyft	lyft_plus	Lyft XL	13.5	1.76	1	42.3503	-71.081	45.45	41.77	 Light Rain 	 Light rain in the morning. 	0.0624	1	0.93	6.87	7.42	1543338000	2.686	46.91	1543320000	33.82	1543399200	44.01	1543320000	30.19	1543399200	 rain 	43.52	989.98	79	1	0	2.686	296.2	1543319472	1543353352	0.68	0.1425	1543338000	36.34	1543377600	46.91	1543320000	32.43	1543377600	44.01	1543320000
c7a2284b-2f7b-49a8-8d5b-90e1ebe18a1f	1543421288	16	28	11	11/28/2018 16:08	America/New_York	North Station	South Station	Lyft	lyft_lux	Lux Black	19.5	1.76	1	42.3661	-71.0631	41.16	35.84	 Mostly Cloudy 	 Mostly cloudy throughout the day. 	0	0	0.61	8.33	12.76	1543431600	10	42.6	1543438800	37.44	1543489200	36.58	1543438800	31.97	1543478400	 partly-cloudy-day 	28.91	991.41	297	0.81	1	10	352	1543405938	1543439718	0.72	0	1543420800	33.75	1543399200	42.6	1543438800	29.97	1543399200	36.58	1543438800
2e0059db-945e-4615-9f87-46b8966d62f2	1543666982	12	1	12	12/1/2018 12:23	America/New_York	Haymarket Square	West End	Lyft	lyft	Lyft	7	0.71	1	42.2148	-71.033	32.07	27.22	 Partly Cloudy 	 Light rain in the morning and overnight. 	0	0	0.79	4.94	4.94	1543672800	9.712	44.11	1543690800	34.58	1543712400	43.44	1543690800	35.23	1543712400	 partly-cloudy-day 	26.45	1021.71	325	0.37	0	9.712	279.6	1543665299	1543698873	0.82	0	1543683600	30.17	1543662000	44.11	1543690800	25.87	1543662000	43.44	1543690800
77667337-1484-497d-a0d2-2844126c2517	1543243091	14	26	11	11/26/2018 14:38	America/New_York	Haymarket Square	West End	Lyft	lyft_plus	Lyft XL	9	0.71	1	42.2148	-71.033	43.51	43.51	 Possible Drizzle 	 Rain until morning, starting again in the evening. 	0.0053	0.57	0.93	2.73	2.73	1543291200	6.121	47.3	1543251600	42.1	1543298400	43.92	1543251600	36.2	1543291200	 rain 	41.5	1015.08	122	1	1	6.121	295.5	1543232969	1543266992	0.64	0.13	1543251600	40.49	1543233600	47.3	1543251600	36.2	1543291200	43.92	1543251600
c03b25ba-1d74-4522-8f3b-feb4bebcb4c7	1543718285	2	2	12	12/2/2018 2:38	America/New_York	Haymarket Square	West End	Lyft	lyft_premier	Lux	10.5	0.71	1	42.2148	-71.033	36.5	36.5	 Partly Cloudy 	 Light rain in the morning and overnight. 	0	0	0.82	1.92	2.38	1543672800	9.689	44.11	1543690800	34.58	1543712400	43.44	1543690800	35.23	1543712400	 partly-cloudy-night 	31.68	1023.33	162	0.46	0	9.689	274.1	1543665299	1543698873	0.82	0	1543683600	30.17	1543662000	44.11	1543690800	25.87	1543662000	43.44	1543690800
fa00bcf3-78f7-4b62-b133-c3190a85edab	1543514584	18	29	11	11/29/2018 18:03	America/New_York	Haymarket Square	West End	Lyft	lyft_line	Shared	3	0.71	1	42.2148	-71.033	43.65	37.25	 Partly Cloudy 	 Partly cloudy throughout the day. 	0	0	0.52	12.55	23.67	1543514400	9.92	45.03	1543510800	28.9	1543579200	38.53	1543510800	26.2	1543575600	 partly-cloudy-day 	27.12	1006.54	312	0.35	1	9.92	313.5	1543492370	1543526114	0.75	0	1543507200	34.67	1543550400	45.03	1543510800	30.3	1543550400	38.53	1543510800
33d90ba7-60f5-4da1-afc3-39d4d038f7ec	1543823577	7	3	12	12/3/2018 7:52	America/New_York	Haymarket Square	Theatre District	Lyft	lyft_line	Shared	5	1.23	1	42.2148	-71.033	47.27	47.27	 Overcast 	 Foggy in the morning. 	0	0	0.95	1.44	1.44	1543860000	3.188	57.87	1543852800	32.8	1543921200	57.2	1543852800	27.22	1543914000	 cloudy 	45.86	1000.81	166	1	0	3.188	292.7	1543838223	1543871641	0.89	7.00E-04	1543852800	42.96	1543896000	57.87	1543852800	39.41	1543896000	57.2	1543852800
6c936f6d-c587-49ae-bb39-5aeb54eff756	1543236069	12	26	11	11/26/2018 12:41	America/New_York	Haymarket Square	Theatre District	Lyft	lyft_premier	Lux	13.5	1.23	1	42.2148	-71.033	41.3	41.3	 Overcast 	 Rain until morning, starting again in the evening. 	0	0	0.93	2.55	2.6	1543291200	3.475	47.3	1543251600	42.1	1543298400	43.92	1543251600	36.2	1543291200	 cloudy 	39.51	1014.97	54	1	0	3.475	297.7	1543232969	1543266992	0.64	0.13	1543251600	40.49	1543233600	47.3	1543251600	36.2	1543291200	43.92	1543251600
8b905a5a-c626-42a6-b23b-eae7c7b689a3	1543807082	3	3	12	12/3/2018 3:18	America/New_York	Haymarket Square	Theatre District	Lyft	lyft_plus	Lyft XL	11	1.23	1	42.2148	-71.033	48.12	48.12	 Overcast 	 Rain throughout the day. 	0.002	0.1	0.95	2.56	2.56	1543755600	4.73	52.86	1543788000	46.6	1543824000	52.19	1543788000	47.25	1543824000	 cloudy 	46.76	1002.35	294	1	0	4.73	287.8	1543751761	1543785256	0.86	0.1055	1543770000	36.35	1543726800	52.86	1543788000	35.33	1543744800	52.19	1543788000
c8c093f0-960b-4668-b1f6-1e42dcf6bd6b	1543446221	23	28	11	11/28/2018 23:03	America/New_York	Haymarket Square	Theatre District	Lyft	lyft_luxsuv	Lux Black XL	26	1.23	1	42.2148	-71.033	39.35	33	 Overcast 	 Mostly cloudy throughout the day. 	0	0	0.69	9.63	14.39	1543446000	10	42.18	1543420800	36.71	1543478400	35.75	1543420800	30.29	1543460400	 cloudy 	29.86	995.3	293	1	0	10	355	1543405904	1543439738	0.72	1.00E-04	1543420800	33.1	1543402800	42.18	1543420800	29.11	1543392000	35.75	1543420800
ee029d73-c9ad-463d-a15e-ba20fac8c292	1543282942	1	27	11	11/27/2018 1:42	America/New_York	Haymarket Square	Theatre District	Lyft	lyft_lux	Lux Black	16.5	1.23	1	42.2148	-71.033	43.61	37.38	 Rain 	 Rain until morning, starting again in the evening. 	0.1264	1	0.94	12	12	1543291200	5.235	47.3	1543251600	42.1	1543298400	43.92	1543251600	36.2	1543291200	 rain 	41.98	1004.51	90	1	0	5.235	291.7	1543232969	1543266992	0.64	0.13	1543251600	40.49	1543233600	47.3	1543251600	36.2	1543291200	43.92	1543251600
f76a05b7-60a7-4df5-94b9-de16881691ca	1543852986	16	3	12	12/3/2018 16:03	America/New_York	Haymarket Square	Theatre District	Lyft	lyft	Lyft	7	1.23	1	42.2148	-71.033	57.22	57.22	 Partly Cloudy 	 Foggy in the morning. 	0	0	0.69	7.85	10.25	1543860000	10	57.87	1543852800	32.8	1543921200	57.2	1543852800	27.22	1543914000	 partly-cloudy-day 	47.14	999.27	242	0.2	2	10	300.6	1543838223	1543871641	0.89	7.00E-04	1543852800	42.96	1543896000	57.87	1543852800	39.41	1543896000	57.2	1543852800
43abdbe4-ab9e-4f39-afdc-31cfa375dc25	1544731816	20	13	12	12/13/2018 20:10	America/New_York	North End	West End	Uber	8cf7e821-f0d3-49c6-8eba-e679c0ebcf6a	Taxi	NA	1.16	1	42.3647	-71.0542	33.15	30.6	 Mostly Cloudy 	 Partly cloudy throughout the day. 	0	0	0.57	3.02	3.02	1544738400	9.956	33.83	1544731200	27.27	1544781600	32.85	1544734800	24.61	1544785200	 partly-cloudy-day 	19.51	1033.96	96	0.81	0	9.956	330.1	1544702792	1544735599	0.21	1.00E-04	1544716800	18.29	1544688000	33.83	1544731200	13.79	1544688000	32.85	1544734800
5e1deff9-8f75-4e77-a1b1-7f6749e4eed3	1544688607	8	13	12	12/13/2018 8:10	America/New_York	North End	West End	Uber	9a0e7b09-b92b-4c41-9779-2ad22b4d779d	WAV	9.5	1.16	1	42.3647	-71.0542	18.97	13.84	 Clear 	 Partly cloudy throughout the day. 	0	0	0.65	3.44	3.44	1544738400	9.67	33.83	1544731200	27.27	1544781600	32.85	1544734800	24.61	1544785200	 clear-night 	9.15	1030.07	342	0.02	0	9.67	326.5	1544702792	1544735599	0.21	1.00E-04	1544716800	18.29	1544688000	33.83	1544731200	13.79	1544688000	32.85	1544734800
a6d2d9af-e412-4ec0-8206-88e272b5a14e	1543445408	22	28	11	11/28/2018 22:50	America/New_York	North End	West End	Uber	6c84fd89-3f11-4782-9b50-97c468b19529	Black	16.5	1.16	1	42.3647	-71.0542	40.43	34.59	 Overcast 	 Mostly cloudy throughout the day. 	0	0	0.64	9.08	12.72	1543431600	10	42.61	1543438800	37.6	1543489200	36.57	1543438800	32.12	1543478400	 cloudy 	29.27	994.99	295	1	0	10	354.8	1543405936	1543439716	0.72	0	1543420800	33.85	1543399200	42.61	1543438800	30.03	1543399200	36.57	1543438800
c53e48e4-a7b6-43e9-b4f4-afadc78dc2aa	1544859907	7	15	12	12/15/2018 7:45	America/New_York	North End	West End	Uber	997acbb5-e102-41e1-b155-9df7de0a73f2	UberPool	7	1.16	1	42.3647	-71.0542	46.66	44.16	 Mostly Cloudy 	 Mostly cloudy throughout the day. 	0	0	0.91	5.21	7.94	1544918400	10	54.4	1544896800	39.22	1544954400	53.73	1544896800	35.32	1544954400	 partly-cloudy-night 	44.19	1022.09	226	0.87	0	10	297.5	1544875679	1544908424	0.27	0.0075	1544893200	39.78	1544929200	54.4	1544896800	36.64	1544929200	53.73	1544896800
c9dee6ef-eca0-43ba-9bf9-ec00a6638164	1543325422	13	27	11	11/27/2018 13:30	America/New_York	North End	West End	Uber	55c66225-fbe7-4fd5-9072-eab1ece5e23e	UberX	9.5	1.16	1	42.3588	-71.0707	44.94	42.13	 Possible Drizzle 	 Light rain in the morning. 	0.007	0.61	0.94	5.23	5.23	1543338000	3.231	47.06	1543320000	33.83	1543399200	44.15	1543320000	30.13	1543399200	 rain 	43.32	988.09	227	1	0	3.231	322.8	1543319471	1543353348	0.68	0.1429	1543338000	36.37	1543377600	47.06	1543320000	32.4	1543377600	44.15	1543320000
e209499c-d217-4ea8-b72a-8a879646b29a	1543428488	18	28	11	11/28/2018 18:08	America/New_York	North End	West End	Uber	6d318bcc-22a3-4af6-bddd-b409bfce1546	Black SUV	27.5	1.16	1	42.3647	-71.0542	40.92	35.13	 Overcast 	 Mostly cloudy throughout the day. 	0	0	0.64	9.21	15.03	1543431600	10	42.61	1543438800	37.6	1543489200	36.57	1543438800	32.12	1543478400	 cloudy 	29.57	991.21	296	1	1	10	353.1	1543405936	1543439716	0.72	0	1543420800	33.85	1543399200	42.61	1543438800	30.03	1543399200	36.57	1543438800
fc3205bd-3419-40db-b00f-ddced9beff33	1543474678	6	29	11	11/29/2018 6:57	America/New_York	North End	West End	Uber	6f72dfc5-27f1-42e8-84db-ccc7a75f6969	UberXL	13	1.16	1	42.3647	-71.0542	38.74	32.35	 Mostly Cloudy 	 Partly cloudy throughout the day. 	0	0	0.69	9.42	13.28	1543514400	9.972	44.61	1543510800	28.79	1543579200	38.21	1543510800	26.41	1543575600	 partly-cloudy-night 	29.33	1000.05	304	0.82	0	9.972	344.6	1543492402	1543526092	0.75	0	1543510800	35.35	1543550400	44.61	1543510800	31.14	1543550400	38.21	1543510800
26cd4b22-179f-48db-a03f-2cc8c87d624e	1545130211	10	18	12	12/18/2018 10:50	America/New_York	North End	Beacon Hill	Uber	9a0e7b09-b92b-4c41-9779-2ad22b4d779d	WAV	9.5	2.67	1	42.3647	-71.0542	25.21	13.25	 Mostly Cloudy 	 Mostly cloudy throughout the day. 	0	0	0.52	14.15	26.56	1545127200	9.734	32.8	1545159600	20.88	1545220800	22.69	1545159600	14.31	1545199200	 partly-cloudy-night 	9.85	1005.95	316	0.77	0	9.734	366.5	1545134994	1545167678	0.37	0.0028	1545152400	23.23	1545192000	38.11	1545109200	11.86	1545134400	31.96	1545109200
5ed9f6ab-4582-45c6-a1de-5602e911c3bb	1543286542	2	27	11	11/27/2018 2:42	America/New_York	North End	Beacon Hill	Uber	55c66225-fbe7-4fd5-9072-eab1ece5e23e	UberX	9.5	2.67	1	42.2148	-71.033	43.58	37.35	 Rain 	 Rain until morning, starting again in the evening. 	0.1299	1	0.94	11.98	11.98	1543291200	4.786	47.3	1543251600	42.1	1543298400	43.92	1543251600	36.2	1543291200	 rain 	41.83	1003.97	90	1	0	4.786	291.1	1543232969	1543266992	0.64	0.13	1543251600	40.49	1543233600	47.3	1543251600	36.2	1543291200	43.92	1543251600
80db1c49-9d51-4575-a4f4-1ec23b4d3e31	1543583284	13	30	11	11/30/2018 13:08	America/New_York	North End	Beacon Hill	Uber	8cf7e821-f0d3-49c6-8eba-e679c0ebcf6a	Taxi	NA	2.67	1	42.3647	-71.0542	31.8	31.8	 Clear 	 Mostly cloudy throughout the day. 	0	0	0.83	2.1	4.79	1543554000	10	42.52	1543600800	31.71	1543658400	40.53	1543611600	28.06	1543658400	 clear-day 	27.14	1017.01	296	0.01	0	10	277.1	1543578867	1543612470	0.79	3.00E-04	1543593600	28.79	1543579200	42.52	1543600800	26.41	1543575600	40.53	1543611600
09740fbe-a03b-48df-a25a-6a01d4fc30e7	1543831981	10	3	12	12/3/2018 10:13	America/New_York	Haymarket Square	Beacon Hill	Lyft	lyft	Lyft	7	1.16	1	42.2148	-71.033	48.43	48.43	 Overcast 	 Foggy in the morning. 	0	0	0.94	2.74	2.74	1543860000	3.729	57.87	1543852800	32.8	1543921200	57.2	1543852800	27.22	1543914000	 cloudy 	46.7	999.67	213	1	0	3.729	296.7	1543838223	1543871641	0.89	7.00E-04	1543852800	42.96	1543896000	57.87	1543852800	39.41	1543896000	57.2	1543852800
2ff1a200-7c68-4813-9141-af7eeb93b37d	1543820583	7	3	12	12/3/2018 7:03	America/New_York	Haymarket Square	Beacon Hill	Lyft	lyft_plus	Lyft XL	13.5	1.16	1	42.2148	-71.033	47.27	47.27	 Overcast 	 Foggy in the morning. 	0	0	0.95	1.44	1.44	1543860000	3.188	57.87	1543852800	32.8	1543921200	57.2	1543852800	27.22	1543914000	 cloudy 	45.86	1000.81	166	1	0	3.188	292.7	1543838223	1543871641	0.89	7.00E-04	1543852800	42.96	1543896000	57.87	1543852800	39.41	1543896000	57.2	1543852800
395294c8-4b2b-4cde-aaf9-3ac478cfddc3	1543603386	18	30	11	11/30/2018 18:43	America/New_York	Haymarket Square	Beacon Hill	Lyft	lyft_luxsuv	Lux Black XL	26	1.16	1	42.2148	-71.033	41.09	39.09	 Overcast 	 Overcast throughout the day. 	0	0	0.57	3.48	3.48	1543557600	10	42.13	1543600800	30.17	1543662000	40.95	1543608000	25.87	1543662000	 cloudy 	26.98	1015.98	259	0.98	1	10	273	1543578835	1543612492	0.79	0	1543593600	28.9	1543579200	42.13	1543600800	26.2	1543575600	40.95	1543608000
59481bfd-d72d-4d6d-af73-8006fc872948	1543786384	21	2	12	12/2/2018 21:33	America/New_York	Haymarket Square	Beacon Hill	Lyft	lyft_premier	Lux	13.5	1.16	1	42.2148	-71.033	52.1	52.1	 Possible Drizzle 	 Rain throughout the day. 	0.002	0.46	0.95	4.31	4.34	1543755600	3.894	52.86	1543788000	46.6	1543824000	52.19	1543788000	47.25	1543824000	 rain 	50.67	1003.15	223	1	0	3.894	282.7	1543751761	1543785256	0.86	0.1055	1543770000	36.35	1543726800	52.86	1543788000	35.33	1543744800	52.19	1543788000
aa1f01a1-f54a-4978-b266-a14f877baad1	1545036607	8	17	12	12/17/2018 8:50	America/New_York	Haymarket Square	Beacon Hill	Lyft	lyft_line	Shared	5	1.16	1	42.2148	-71.033	37.83	30.56	 Light Rain 	 Light rain in the morning and overnight. 	0.0216	1	0.91	10.88	10.88	1545022800	3.139	40.61	1545076800	24.07	1545130800	34.97	1545080400	12.04	1545134400	 rain 	35.31	1004.44	356	1	0	3.139	332.2	1545048523	1545081282	0.33	0.0221	1545066000	34.19	1545048000	40.66	1545022800	27.39	1545044400	34.97	1545080400
b4d6e3a6-8fce-4863-9674-e3abb49c53db	1543410387	13	28	11	11/28/2018 13:06	America/New_York	Haymarket Square	Beacon Hill	Lyft	lyft_lux	Lux Black	16.5	1.16	1	42.2148	-71.033	35.98	31.03	 Partly Cloudy 	 Mostly cloudy throughout the day. 	0	0	0.7	5.92	5.92	1543446000	9.843	42.18	1543420800	36.71	1543478400	35.75	1543420800	30.29	1543460400	 partly-cloudy-day 	27.26	991.62	264	0.44	0	9.843	348	1543405904	1543439738	0.72	1.00E-04	1543420800	33.1	1543402800	42.18	1543420800	29.11	1543392000	35.75	1543420800
0617e9b6-45f9-4f45-aa2b-5d06da008088	1543784280	20	2	12	12/2/2018 20:58	America/New_York	Boston University	North Station	Uber	9a0e7b09-b92b-4c41-9779-2ad22b4d779d	WAV	9.5	3.39	1	42.3505	-71.1054	49.7	49.7	 Possible Drizzle 	 Light rain until evening. 	0.005	0.59	0.96	2.86	2.86	1543755600	1.348	50.37	1543784400	44.79	1543816800	49.7	1543784400	45.44	1543816800	 rain 	48.54	1003.5	278	1	0	1.348	282.7	1543751804	1543785248	0.86	0.0956	1543770000	36.1	1543726800	50.37	1543784400	35.88	1543748400	49.7	1543784400
37b99b0e-d2a9-4aa6-b145-54de1c8793eb	1544879105	13	15	12	12/15/2018 13:05	America/New_York	Boston University	North Station	Uber	55c66225-fbe7-4fd5-9072-eab1ece5e23e	UberX	9.5	3.39	1	42.3505	-71.1054	47.56	46.32	 Overcast 	 Mostly cloudy throughout the day. 	0.008	0.32	0.9	3.66	5.3	1544918400	8.904	54.29	1544896800	38.48	1544954400	53.62	1544896800	34.85	1544954400	 cloudy 	44.89	1022.68	240	1	0	8.904	297.5	1544875688	1544908439	0.27	0.0082	1544893200	39.74	1544929200	54.29	1544896800	37.04	1544929200	53.62	1544896800
433900c1-12d0-4771-85ea-1e1f1a4a6d63	1543478885	8	29	11	11/29/2018 8:08	America/New_York	Boston University	North Station	Uber	6f72dfc5-27f1-42e8-84db-ccc7a75f6969	UberXL	17	3.39	1	42.3505	-71.1054	38.61	32.4	 Mostly Cloudy 	 Partly cloudy throughout the day. 	0	0	0.68	8.99	16.24	1543514400	10	44.96	1543510800	28.42	1543579200	38.85	1543510800	29.07	1543579200	 partly-cloudy-night 	28.96	1000.98	306	0.74	0	10	343.1	1543492412	1543526107	0.75	0	1543510800	35.2	1543550400	44.96	1543510800	31.4	1543550400	38.85	1543510800
76ec209b-45a1-47e7-9eda-bc3a22402b8e	1543360884	23	27	11	11/27/2018 23:21	America/New_York	Boston University	North Station	Uber	997acbb5-e102-41e1-b155-9df7de0a73f2	UberPool	10	3.39	1	42.3505	-71.1054	40.38	35.18	 Partly Cloudy 	 Light rain in the morning. 	0	0	0.71	7.73	11.57	1543305600	10	46.74	1543320000	33.82	1543399200	43.93	1543320000	30.36	1543399200	 partly-cloudy-night 	31.61	991.84	252	0.13	0	10	308.4	1543319478	1543353358	0.68	0.1438	1543338000	36.37	1543377600	46.74	1543320000	32.6	1543377600	43.93	1543320000
a841f68a-a00f-456a-a3f2-2a4f2f2917d6	1545002713	23	16	12	12/16/2018 23:25	America/New_York	Boston University	North Station	Uber	6d318bcc-22a3-4af6-bddd-b409bfce1546	Black SUV	34	3.39	1	42.3647	-71.0542	41.29	36.01	 Light Rain 	 Rain throughout the day. 	0.0567	0.94	0.86	8.3	8.3	1545015600	4.054	43.83	1544990400	34.25	1545044400	38.38	1544986800	28.3	1545044400	 rain 	37.56	1012.72	57	1	0	4.054	325.3	1544962119	1544994839	0.3	0.1252	1544979600	39.22	1544954400	43.83	1544990400	33.98	1545019200	38.38	1544986800
aaf17c52-066b-4449-abac-274132b8ffbf	1544703016	12	13	12	12/13/2018 12:10	America/New_York	Boston University	North Station	Uber	6c84fd89-3f11-4782-9b50-97c468b19529	Black	26	3.39	1	42.3505	-71.1054	20.01	15.11	 Partly Cloudy 	 Partly cloudy throughout the day. 	0	0	0.65	3.39	3.39	1544738400	9.968	33.51	1544731200	26.51	1544788800	32.84	1544731200	27.16	1544788800	 partly-cloudy-night 	9.98	1032.46	342	0.41	0	9.968	329.2	1544702801	1544735614	0.21	1.00E-04	1544720400	18.11	1544688000	33.51	1544731200	14.08	1544688000	32.84	1544731200
c0bffbdc-9f15-4822-bda5-77d293a8d77e	1543775280	18	2	12	12/2/2018 18:27	America/New_York	Boston University	North Station	Uber	8cf7e821-f0d3-49c6-8eba-e679c0ebcf6a	Taxi	NA	3.39	1	42.3661	-71.0631	48.23	46.21	 Light Rain 	 Light rain until evening. 	0.0341	1	0.92	4.88	7.48	1543755600	1.588	50.94	1543788000	44.88	1543816800	50.27	1543788000	45.53	1543816800	 rain 	46.13	1006.41	129	1	1	1.588	282.8	1543751796	1543785235	0.86	0.0894	1543770000	36.4	1543726800	50.94	1543788000	35.78	1543748400	50.27	1543788000
2effa2c2-6728-4274-b904-199a9fc830c4	1545081007	21	17	12	12/17/2018 21:10	America/New_York	Boston University	North Station	Uber	6f72dfc5-27f1-42e8-84db-ccc7a75f6969	UberXL	18.5	3.39	1	42.3505	-71.1054	40.47	35.92	 Mostly Cloudy 	 Light rain in the morning. 	0	0	0.71	6.64	7.91	1545022800	9.77	41.44	1545076800	24.05	1545134400	36.09	1545076800	12.3	1545134400	 partly-cloudy-night 	31.95	999.95	286	0.76	0	9.77	354.4	1545048567	1545081273	0.33	0.0217	1545066000	34.22	1545044400	41.44	1545076800	28.61	1545044400	36.09	1545076800
5ef55ad4-49da-4698-8d41-21f89d107085	1543542781	1	30	11	11/30/2018 1:53	America/New_York	Boston University	North Station	Uber	997acbb5-e102-41e1-b155-9df7de0a73f2	UberPool	11	3.39	1	42.3505	-71.1054	37.95	32.46	 Clear 	 Partly cloudy throughout the day. 	0	0	0.65	7.34	9.4	1543514400	9.984	44.96	1543510800	28.42	1543579200	38.85	1543510800	29.07	1543579200	 clear-night 	27.2	1011.66	318	0	0	9.984	297.9	1543492412	1543526107	0.75	0	1543510800	35.2	1543550400	44.96	1543510800	31.4	1543550400	38.85	1543510800
67f791f9-5bf4-4490-9358-95ffda17e5ea	1543588981	14	30	11	11/30/2018 14:43	America/New_York	Boston University	North Station	Uber	55c66225-fbe7-4fd5-9072-eab1ece5e23e	UberX	11	3.39	1	42.3505	-71.1054	37.28	34.6	 Clear 	 Mostly cloudy throughout the day. 	0	0	0.7	3.6	4.19	1543597200	10	42.05	1543600800	31.31	1543662000	41.38	1543600800	28.1	1543662000	 clear-day 	28.36	1017.45	324	0.02	1	10	272.9	1543578877	1543612485	0.79	4.00E-04	1543593600	28.42	1543579200	42.05	1543600800	29.07	1543579200	41.38	1543600800
6af89d7d-7c7e-45fe-98c4-3dc432bb29b4	1544684707	7	13	12	12/13/2018 7:05	America/New_York	Boston University	North Station	Uber	8cf7e821-f0d3-49c6-8eba-e679c0ebcf6a	Taxi	NA	3.39	1	42.3505	-71.1054	18.91	14.24	 Clear 	 Partly cloudy throughout the day. 	0	0	0.59	3.16	3.16	1544738400	10	33.51	1544731200	26.51	1544788800	32.84	1544731200	27.16	1544788800	 clear-night 	7.06	1029.29	353	0.08	0	10	326.1	1544702801	1544735614	0.21	1.00E-04	1544720400	18.11	1544688000	33.51	1544731200	14.08	1544688000	32.84	1544731200
806fc0cf-814d-48aa-abe7-47d0eedf47d4	1544832605	0	15	12	12/15/2018 0:10	America/New_York	Boston University	North Station	Uber	9a0e7b09-b92b-4c41-9779-2ad22b4d779d	WAV	11	3.39	1	42.3505	-71.1054	41.6	39.31	 Overcast 	 Partly cloudy throughout the day. 	0	0	0.81	3.84	3.84	1544846400	9.768	46.7	1544814000	40.93	1544835600	44.06	1544817600	38.98	1544835600	 cloudy 	36.14	1027.4	183	0.89	0	9.768	290.1	1544789245	1544822025	0.24	0	1544806800	26.51	1544788800	46.7	1544814000	27.16	1544788800	44.06	1544817600
bcb04ae7-e199-495f-a22e-4f24dcf9088c	1543532587	23	29	11	11/29/2018 23:03	America/New_York	Boston University	North Station	Uber	6d318bcc-22a3-4af6-bddd-b409bfce1546	Black SUV	36	3.39	1	42.3505	-71.1054	40.29	34.73	 Partly Cloudy 	 Partly cloudy throughout the day. 	0	0	0.59	8.43	13.46	1543514400	9.936	44.96	1543510800	28.42	1543579200	38.85	1543510800	29.07	1543579200	 partly-cloudy-night 	27.29	1010.12	313	0.22	0	9.936	300.1	1543492412	1543526107	0.75	0	1543510800	35.2	1543550400	44.96	1543510800	31.4	1543550400	38.85	1543510800
ef16279b-5893-4ea1-bf62-0548a6a541e7	1545036612	8	17	12	12/17/2018 8:50	America/New_York	Boston University	North Station	Uber	6c84fd89-3f11-4782-9b50-97c468b19529	Black	27.5	3.39	1	42.2148	-71.033	37.83	30.56	 Light Rain 	 Light rain in the morning and overnight. 	0.0216	1	0.91	10.88	10.88	1545022800	3.139	40.61	1545076800	24.07	1545130800	34.97	1545080400	12.04	1545134400	 rain 	35.31	1004.44	356	1	0	3.139	332.2	1545048523	1545081282	0.33	0.0221	1545066000	34.19	1545048000	40.66	1545022800	27.39	1545044400	34.97	1545080400
60f7fd10-aa55-42a8-9b19-2f8bb457459b	1543542476	1	30	11	11/30/2018 1:47	America/New_York	Fenway	West End	Lyft	lyft_lux	Lux Black	22.5	2.82	1	42.3505	-71.1054	37.95	32.46	 Clear 	 Partly cloudy throughout the day. 	0	0	0.65	7.34	9.4	1543514400	9.984	44.96	1543510800	28.42	1543579200	38.85	1543510800	29.07	1543579200	 clear-night 	27.2	1011.66	318	0	0	9.984	297.9	1543492412	1543526107	0.75	0	1543510800	35.2	1543550400	44.96	1543510800	31.4	1543550400	38.85	1543510800
7827cd75-7987-4f1b-a012-ab92c820c6c4	1545134405	12	18	12	12/18/2018 12:00	America/New_York	Fenway	West End	Lyft	lyft_plus	Lyft XL	16.5	2.82	1	42.3429	-71.1003	24.61	12.13	 Mostly Cloudy 	 Mostly cloudy throughout the day. 	0	0	0.5	14.95	23.96	1545127200	9.948	32.84	1545159600	20.72	1545220800	22.96	1545159600	14.48	1545195600	 partly-cloudy-night 	8.55	1007.14	314	0.78	0	9.948	371.4	1545135001	1545167693	0.37	0.0056	1545152400	22.98	1545192000	37.95	1545109200	12.13	1545134400	32.03	1545109200
ea5d697f-425a-421c-a680-20bc8b36384e	1543398375	9	28	11	11/28/2018 9:46	America/New_York	Fenway	West End	Lyft	lyft	Lyft	10.5	2.82	1	42.3429	-71.1003	34.26	30.15	 Partly Cloudy 	 Mostly cloudy throughout the day. 	0	0	0.79	4.54	7	1543431600	9.924	42.7	1543438800	37.17	1543464000	36.77	1543438800	31.87	1543460400	 partly-cloudy-night 	28.36	991.12	252	0.25	0	9.924	343.8	1543405943	1543439731	0.72	0	1543420800	33.6	1543399200	42.7	1543438800	30.08	1543399200	36.77	1543438800
fbe5b6f4-7771-4fed-93d9-350febdc20c2	1543280962	1	27	11	11/27/2018 1:09	America/New_York	Fenway	West End	Lyft	lyft_luxsuv	Lux Black XL	32.5	2.82	1	42.2148	-71.033	43.61	37.38	 Rain 	 Rain until morning, starting again in the evening. 	0.1264	1	0.94	12	12	1543291200	5.235	47.3	1543251600	42.1	1543298400	43.92	1543251600	36.2	1543291200	 rain 	41.98	1004.51	90	1	0	5.235	291.7	1543232969	1543266992	0.64	0.13	1543251600	40.49	1543233600	47.3	1543251600	36.2	1543291200	43.92	1543251600
fbe75666-8d95-404f-a2d2-56c1f94eb99a	1544982904	17	16	12	12/16/2018 17:55	America/New_York	Fenway	West End	Lyft	lyft_premier	Lux	19.5	2.82	1	42.3429	-71.1003	42.81	38.23	 Overcast 	 Rain throughout the day. 	0.002	0.29	0.75	7.54	8.94	1545015600	9.956	43.63	1544990400	34	1545044400	38.4	1544986800	28.27	1545044400	 cloudy 	35.26	1016.68	72	1	1	9.956	323.7	1544962126	1544994855	0.3	0.1267	1544979600	38.49	1544954400	43.63	1544990400	33.55	1545019200	38.4	1544986800
ff49381b-9947-4a40-b100-ca58020e0dbe	1544685910	7	13	12	12/13/2018 7:25	America/New_York	Fenway	West End	Lyft	lyft_line	Shared	7	2.82	1	42.3505	-71.1054	18.91	14.24	 Clear 	 Partly cloudy throughout the day. 	0	0	0.59	3.16	3.16	1544738400	10	33.51	1544731200	26.51	1544788800	32.84	1544731200	27.16	1544788800	 clear-night 	7.06	1029.29	353	0.08	0	10	326.1	1544702801	1544735614	0.21	1.00E-04	1544720400	18.11	1544688000	33.51	1544731200	14.08	1544688000	32.84	1544731200
118a8165-c787-4761-89e5-a17aa5710c75	1544812509	18	14	12	12/14/2018 18:35	America/New_York	South Station	Back Bay	Uber	6c84fd89-3f11-4782-9b50-97c468b19529	Black	25	2.49	1	42.3519	-71.0551	45.82	43.61	 Mostly Cloudy 	 Partly cloudy throughout the day. 	0	0	0.51	4.57	4.57	1544846400	9.898	46.65	1544814000	40.76	1544835600	43.86	1544817600	38.56	1544835600	 partly-cloudy-day 	28.63	1029.95	165	0.56	1	9.898	288.5	1544789234	1544822013	0.24	0	1544806800	27.18	1544781600	46.65	1544814000	24.51	1544785200	43.86	1544817600
14fd1233-8cea-4061-a66a-9a5ecec07f66	1544952912	9	16	12	12/16/2018 9:35	America/New_York	South Station	Back Bay	Uber	55c66225-fbe7-4fd5-9072-eab1ece5e23e	UberX	12	2.49	1	42.2148	-71.033	42.34	37.12	 Mostly Cloudy 	 Rain throughout the day. 	0	0	0.68	8.66	9.17	1545015600	10	43.68	1544968800	34.19	1545048000	37.95	1544968800	27.39	1545044400	 partly-cloudy-night 	32.7	1021.98	57	0.72	0	10	303.8	1544962084	1544994864	0.3	0.1276	1544979600	39.89	1545012000	43.68	1544968800	33.73	1545012000	38.07	1544958000
2a98223c-db41-4d28-9f8a-f26775b12fd4	1545102904	3	18	12	12/18/2018 3:15	America/New_York	South Station	Back Bay	Uber	9a0e7b09-b92b-4c41-9779-2ad22b4d779d	WAV	12	2.49	1	42.3519	-71.0551	37.26	32.04	 Overcast 	 Light rain in the morning. 	0	0	0.69	6.67	11.38	1545022800	9.842	41.44	1545076800	23.93	1545138000	35.95	1545076800	11.82	1545134400	 cloudy 	28.1	1001.11	276	0.95	0	9.842	365.1	1545048555	1545081260	0.33	0.0175	1545066000	34.14	1545044400	41.44	1545076800	28.12	1545044400	35.95	1545076800
3a2929f1-2310-4c96-8eeb-ca2ed3ad9915	1543440908	21	28	11	11/28/2018 21:35	America/New_York	South Station	Back Bay	Uber	6f72dfc5-27f1-42e8-84db-ccc7a75f6969	UberXL	18.5	2.49	1	42.3519	-71.0551	41.35	35.62	 Overcast 	 Mostly cloudy throughout the day. 	0	0	0.6	9.29	11.6	1543431600	10	42.6	1543438800	37.33	1543489200	36.56	1543435200	31.82	1543478400	 cloudy 	28.39	993.87	295	1	0	10	355.2	1543405934	1543439719	0.72	0	1543420800	33.7	1543399200	42.6	1543438800	29.88	1543399200	36.56	1543435200
42dd31b8-d488-4de6-8dd1-544d6f943149	1543443968	22	28	11	11/28/2018 22:26	America/New_York	South Station	Back Bay	Uber	8cf7e821-f0d3-49c6-8eba-e679c0ebcf6a	Taxi	NA	2.49	1	42.3647	-71.0542	40.43	34.59	 Overcast 	 Mostly cloudy throughout the day. 	0	0	0.64	9.08	12.72	1543431600	10	42.61	1543438800	37.6	1543489200	36.57	1543438800	32.12	1543478400	 cloudy 	29.27	994.99	295	1	0	10	354.8	1543405936	1543439716	0.72	0	1543420800	33.85	1543399200	42.61	1543438800	30.03	1543399200	36.57	1543438800
c1463da2-43e9-4e83-a52f-eb4fbe9d85e6	1543321642	12	27	11	11/27/2018 12:27	America/New_York	South Station	Back Bay	Uber	6d318bcc-22a3-4af6-bddd-b409bfce1546	Black SUV	32.5	2.49	1	42.3519	-71.0551	46.3	44.19	 Light Rain 	 Light rain in the morning. 	0.0288	0.94	0.91	4.54	4.54	1543338000	3.295	46.89	1543320000	33.7	1543399200	43.85	1543320000	29.88	1543399200	 rain 	43.94	988.29	201	1	0	3.295	314	1543319466	1543353345	0.68	0.142	1543338000	35.98	1543377600	46.89	1543320000	31.86	1543377600	43.85	1543320000
e5face72-4e1e-499e-89db-6a136e11f7f5	1543860176	18	3	12	12/3/2018 18:02	America/New_York	South Station	Back Bay	Uber	997acbb5-e102-41e1-b155-9df7de0a73f2	UberPool	11	2.49	1	42.3519	-71.0551	54.62	54.62	 Overcast 	 Foggy in the morning. 	0	0	0.51	11.12	13.65	1543856400	10	57.27	1543852800	33.67	1543921200	56.6	1543852800	28	1543914000	 cloudy 	37.03	999.16	284	0.98	1	10	309.1	1543838253	1543871621	0.89	5.00E-04	1543852800	42.89	1543896000	57.27	1543852800	39.54	1543896000	56.6	1543852800
08a28a48-eec5-43f8-b81d-bc2f57fc7f9a	1543658285	9	1	12	12/1/2018 9:58	America/New_York	Fenway	North Station	Uber	6c84fd89-3f11-4782-9b50-97c468b19529	Black	27	3.07	1	42.3429	-71.1003	31.87	27.83	 Mostly Cloudy 	 Light rain in the morning and overnight. 	0	0	0.82	4.09	4.09	1543672800	9.687	44.82	1543690800	34.57	1543712400	44.15	1543690800	35.22	1543712400	 partly-cloudy-night 	26.99	1019.9	312	0.52	0	9.687	282.9	1543665338	1543698866	0.82	0	1543683600	31.11	1543662000	44.82	1543690800	27.8	1543662000	44.15	1543690800
1f384d44-39fa-4537-b6a9-e97c0420fc48	1543458860	2	29	11	11/29/2018 2:34	America/New_York	Fenway	North Station	Uber	55c66225-fbe7-4fd5-9072-eab1ece5e23e	UberX	12	3.07	1	42.3429	-71.1003	37.92	31.91	 Mostly Cloudy 	 Mostly cloudy throughout the day. 	0	0	0.71	8.28	12.43	1543431600	9.981	42.7	1543438800	37.17	1543464000	36.77	1543438800	31.87	1543460400	 partly-cloudy-night 	29.42	997.37	305	0.75	0	9.981	348.9	1543405943	1543439731	0.72	0	1543420800	33.6	1543399200	42.7	1543438800	30.08	1543399200	36.77	1543438800
408076ed-a826-4fb3-a602-f9940df0ae50	1543824176	8	3	12	12/3/2018 8:02	America/New_York	Fenway	North Station	Uber	6f72dfc5-27f1-42e8-84db-ccc7a75f6969	UberXL	18.5	3.07	1	42.3429	-71.1003	45.69	45.69	 Foggy 	 Foggy in the morning. 	0	0	0.95	1.05	1.05	1543856400	0.717	57.42	1543852800	33.6	1543921200	56.75	1543852800	28.23	1543914000	 fog 	44.36	1000.79	202	1	0	0.717	294.4	1543838263	1543871634	0.89	4.00E-04	1543852800	42.86	1543896000	57.42	1543852800	39.73	1543896000	56.75	1543852800
4b22b1b6-5d22-476c-bcf9-571afb6b5a4b	1543336944	16	27	11	11/27/2018 16:42	America/New_York	Fenway	North Station	Uber	8cf7e821-f0d3-49c6-8eba-e679c0ebcf6a	Taxi	NA	3.07	1	42.3429	-71.1003	41	34.42	 Overcast 	 Light rain in the morning. 	0	0	0.83	11.16	17.48	1543338000	9.285	46.24	1543320000	33.6	1543399200	43.32	1543320000	30.08	1543399200	 cloudy 	36.27	989.5	258	1	1	9.285	333.5	1543319476	1543353358	0.68	0.143	1543338000	35.84	1543377600	46.24	1543320000	31.95	1543377600	43.32	1543320000
6fad93ae-e127-4e63-92e8-aca70075a4ae	1543883879	0	4	12	12/4/2018 0:37	America/New_York	Fenway	North Station	Uber	9a0e7b09-b92b-4c41-9779-2ad22b4d779d	WAV	12	3.07	1	42.3429	-71.1003	46.36	44.64	 Clear 	 Foggy in the morning. 	0	0	0.57	4.03	6.32	1543856400	10	57.42	1543852800	33.6	1543921200	56.75	1543852800	28.23	1543914000	 clear-night 	31.82	1002.03	266	0.01	0	10	326.9	1543838263	1543871634	0.89	4.00E-04	1543852800	42.86	1543896000	57.42	1543852800	39.73	1543896000	56.75	1543852800
c8e81408-c663-41b0-97d8-01de32dddefd	1545126008	9	18	12	12/18/2018 9:40	America/New_York	Fenway	North Station	Uber	997acbb5-e102-41e1-b155-9df7de0a73f2	UberPool	8.5	3.07	1	42.3429	-71.1003	26.21	14.47	 Overcast 	 Mostly cloudy throughout the day. 	0	0	0.51	14.3	27.25	1545127200	9.393	32.84	1545159600	20.72	1545220800	22.96	1545159600	14.48	1545195600	 cloudy 	10.7	1005.11	310	0.95	0	9.393	365.4	1545135001	1545167693	0.37	0.0056	1545152400	22.98	1545192000	37.95	1545109200	12.13	1545134400	32.03	1545109200
f5f46cb2-dc51-4ed7-bd0e-14469d2da879	1544841004	2	15	12	12/15/2018 2:30	America/New_York	Fenway	North Station	Uber	6d318bcc-22a3-4af6-bddd-b409bfce1546	Black SUV	35	3.07	1	42.3429	-71.1003	42.27	39.99	 Overcast 	 Partly cloudy throughout the day. 	0	0	0.89	3.95	3.99	1544846400	10	46.97	1544814000	40.72	1544835600	44.24	1544817600	38.72	1544835600	 cloudy 	39.17	1025.28	200	1	0	10	293.4	1544789243	1544822025	0.24	0	1544806800	26.58	1544788800	46.97	1544814000	27.23	1544788800	44.24	1544817600
8cfbdbf9-4aa0-453b-ae4e-2fd9b4a90ffa	1543243810	14	26	11	11/26/2018 14:50	America/New_York	Theatre District	North End	Uber	9a0e7b09-b92b-4c41-9779-2ad22b4d779d	WAV	8	1.57	1	42.2148	-71.033	43.51	43.51	 Possible Drizzle 	 Rain until morning, starting again in the evening. 	0.0053	0.57	0.93	2.73	2.73	1543291200	6.121	47.3	1543251600	42.1	1543298400	43.92	1543251600	36.2	1543291200	 rain 	41.5	1015.08	122	1	1	6.121	295.5	1543232969	1543266992	0.64	0.13	1543251600	40.49	1543233600	47.3	1543251600	36.2	1543291200	43.92	1543251600
974fd7df-31d1-4f61-9aad-5c3b853a4368	1544711408	14	13	12	12/13/2018 14:30	America/New_York	Theatre District	North End	Uber	8cf7e821-f0d3-49c6-8eba-e679c0ebcf6a	Taxi	NA	1.57	1	42.3519	-71.0643	25.55	21.85	 Partly Cloudy 	 Partly cloudy throughout the day. 	0	0	0.59	3.11	4.22	1544738400	9.568	33.92	1544731200	27.05	1544781600	32.95	1544734800	24.47	1544785200	 partly-cloudy-day 	13.07	1033.93	344	0.24	1	9.568	327.5	1544702792	1544735604	0.21	1.00E-04	1544716800	18.05	1544688000	33.92	1544731200	13.6	1544688000	32.95	1544734800
a385d39d-6add-45e7-8144-d208173f5528	1544409663	2	10	12	12/10/2018 2:41	America/New_York	Theatre District	North End	Uber	6f72dfc5-27f1-42e8-84db-ccc7a75f6969	UberXL	13	1.57	1	42.3519	-71.0643	29.05	24.17	 Clear 	 Partly cloudy throughout the day. 	0	0	0.57	4.46	5.75	1544371200	10	36.12	1544378400	21.79	1544443200	29.98	1544378400	18.29	1544443200	 clear-night 	15.74	1020.93	240	0	0	10	307.3	1544356996	1544389983	0.09	3.00E-04	1544374800	15.86	1544353200	36.12	1544378400	13.65	1544346000	29.98	1544378400
a9448a0b-977b-47c4-b886-b9ff39e6983c	1543734183	7	2	12	12/2/2018 7:03	America/New_York	Theatre District	North End	Uber	997acbb5-e102-41e1-b155-9df7de0a73f2	UberPool	8	1.57	1	42.3519	-71.0643	38.41	38.41	 Overcast 	 Light rain until evening. 	0	0	0.85	2.67	4.84	1543755600	9.444	51.12	1543788000	44.96	1543816800	50.45	1543788000	45.61	1543816800	 cloudy 	34.28	1020.69	147	1	0	9.444	269.4	1543751794	1543785238	0.86	0.0903	1543770000	36.29	1543726800	51.12	1543788000	35.71	1543748400	50.45	1543788000
ae1e0b34-e9aa-4d7f-9b5f-228d966cb911	1543873079	21	3	12	12/3/2018 21:37	America/New_York	Theatre District	North End	Uber	6d318bcc-22a3-4af6-bddd-b409bfce1546	Black SUV	27	1.57	1	42.3519	-71.0643	50.43	50.43	 Partly Cloudy 	 Foggy in the morning. 	0	0	0.5	7.21	10.33	1543856400	9.972	57.27	1543852800	33.63	1543921200	56.6	1543852800	27.99	1543914000	 partly-cloudy-night 	32.42	1000.65	284	0.33	0	9.972	317.9	1543838256	1543871623	0.89	5.00E-04	1543852800	42.83	1543896000	57.27	1543852800	39.51	1543896000	56.6	1543852800

